,City,State,MedianAge,MalePopulation,FemalePopulation,TotalPopulation,NumberofVeterans,Foreignborn,AverageHouseholdSize,StateCode,Asian,Black,Hispa,Native,White
0,Silver Spring,Maryland,33.8,40601.0,41862.0,82463,1562.0,30908.0,2.6,MD,8841.0,21330.0,25924.0,1084.0,37756.0
1,Quincy,Massachusetts,41.0,44129.0,49500.0,93629,4147.0,32935.0,2.39,MA,30473.0,3917.0,2566.0,351.0,58723.0
2,Hoover,Alabama,38.5,38040.0,46799.0,84839,4819.0,8229.0,2.58,AL,4759.0,18191.0,3430.0,,61869.0
3,Rancho Cucamonga,California,34.5,88127.0,87105.0,175232,5821.0,33878.0,3.18,CA,24519.0,24437.0,65823.0,2789.0,111832.0
4,Newark,New Jersey,34.6,138040.0,143873.0,281913,5829.0,86253.0,2.73,NJ,7349.0,144961.0,100432.0,2268.0,76402.0
5,Peoria,Illinois,33.1,56229.0,62432.0,118661,6634.0,7517.0,2.4,IL,6989.0,36333.0,6874.0,1343.0,77074.0
6,Avondale,Arizona,29.1,38712.0,41971.0,80683,4815.0,8355.0,3.18,AZ,2828.0,11592.0,34716.0,613.0,62176.0
7,West Covina,California,39.8,51629.0,56860.0,108489,3800.0,37038.0,3.56,CA,32716.0,3693.0,58907.0,518.0,48046.0
8,O'Fallon,Missouri,36.0,41762.0,43270.0,85032,5783.0,3269.0,2.77,MO,3447.0,5136.0,2583.0,685.0,77049.0
9,High Point,North Carolina,35.5,51751.0,58077.0,109828,5204.0,16315.0,2.65,NC,11060.0,39369.0,11446.0,1181.0,58004.0
10,Folsom,California,40.9,41051.0,35317.0,76368,4187.0,13234.0,2.62,CA,15569.0,3985.0,5822.0,998.0,57435.0
11,Philadelphia,Pennsylvania,34.1,741270.0,826172.0,1567442,61995.0,205339.0,2.61,PA,122721.0,691186.0,219038.0,17500.0,688130.0
12,Wichita,Kansas,34.6,192354.0,197601.0,389955,23978.0,40270.0,2.56,KS,25210.0,52592.0,65162.0,8791.0,305910.0
13,Fort Myers,Florida,37.3,36850.0,37165.0,74015,4312.0,15365.0,2.45,FL,3519.0,17298.0,17866.0,,50169.0
14,Pittsburgh,Pennsylvania,32.9,149690.0,154695.0,304385,17728.0,28187.0,2.13,PA,21227.0,82248.0,9266.0,2689.0,208863.0
15,Laredo,Texas,28.8,124305.0,131484.0,255789,4921.0,68427.0,3.66,TX,1963.0,832.0,243190.0,1253.0,246442.0
16,Berkeley,California,32.5,60142.0,60829.0,120971,3736.0,25000.0,2.35,CA,27089.0,11255.0,15429.0,1868.0,82949.0
17,Santa Clara,California,35.2,63278.0,62938.0,126216,4426.0,52281.0,2.75,CA,58360.0,4580.0,22402.0,1354.0,55847.0
18,Allen,Pennsylvania,33.5,60626.0,59581.0,120207,5691.0,19652.0,2.67,PA,2670.0,22304.0,59176.0,1076.0,74187.0
19,Hampton,Virginia,35.5,66214.0,70240.0,136454,19638.0,6204.0,2.48,VA,4561.0,70303.0,7513.0,2534.0,61753.0
20,Bolingbrook,Illinois,33.7,36295.0,35801.0,72096,2951.0,15212.0,3.42,IL,9788.0,12671.0,16904.0,323.0,40458.0
21,Frederick,Maryland,36.1,33146.0,36336.0,69482,3870.0,14211.0,2.48,MD,5711.0,13372.0,13065.0,1333.0,49181.0
22,Sparks,Nevada,36.1,47780.0,48318.0,96098,7315.0,15690.0,2.63,NV,7915.0,4226.0,29159.0,2019.0,78737.0
23,Rancho Cordova,California,33.8,34844.0,36182.0,71026,4590.0,17020.0,2.86,CA,12653.0,9307.0,13970.0,1940.0,47757.0
24,Westminster,Colorado,37.8,54866.0,58251.0,113117,6512.0,11361.0,2.63,CO,8668.0,3228.0,23355.0,1444.0,100084.0
25,Lakewood,Colorado,37.7,76013.0,76576.0,152589,9988.0,14169.0,2.29,CO,7340.0,2679.0,33630.0,2597.0,139669.0
26,Flint,Michigan,35.3,48984.0,49313.0,98297,3757.0,2138.0,2.38,MI,657.0,55137.0,2525.0,1508.0,44786.0
27,New Haven,Connecticut,29.9,63765.0,66545.0,130310,2567.0,25871.0,2.48,CT,7966.0,43356.0,43563.0,2205.0,56251.0
28,Brooklyn Park,Minnesota,35.1,37845.0,41305.0,79150,3506.0,17490.0,2.85,MN,14443.0,22550.0,4138.0,1173.0,41760.0
29,Chula Vista,California,34.6,131485.0,134269.0,265754,12368.0,82710.0,3.32,CA,48506.0,15641.0,156522.0,1652.0,183753.0
30,Danbury,Connecticut,37.3,43435.0,41227.0,84662,3752.0,25675.0,2.74,CT,7350.0,8454.0,25145.0,1086.0,55917.0
31,Framingham,Massachusetts,40.3,35442.0,35768.0,71210,2625.0,19070.0,2.49,MA,5993.0,6944.0,13000.0,849.0,52205.0
32,Saint Petersburg,Florida,41.8,123524.0,133564.0,257088,20247.0,28567.0,2.42,FL,10893.0,67798.0,20483.0,2716.0,179121.0
33,Miami Gardens,Florida,34.9,50719.0,62480.0,113199,2327.0,33394.0,3.75,FL,,85300.0,23287.0,,27273.0
34,Salt Lake City,Utah,32.1,98364.0,94296.0,192660,6829.0,32166.0,2.38,UT,13153.0,5365.0,40559.0,3488.0,150136.0
35,Suffolk,Virginia,38.2,43048.0,45113.0,88161,10114.0,2829.0,2.72,VA,2248.0,39107.0,3539.0,504.0,46458.0
36,North Little Rock,Arkansas,33.6,31671.0,34835.0,66506,4130.0,2787.0,2.62,AR,,30766.0,4860.0,713.0,34118.0
37,Jurupa Valley,California,33.8,49430.0,50884.0,100314,3833.0,25338.0,3.87,CA,4992.0,3091.0,66525.0,1554.0,58201.0
38,Los Angeles,California,35.0,1958998.0,2012898.0,3971896,85417.0,1485425.0,2.86,CA,512999.0,404868.0,1936732.0,63758.0,2177650.0
39,Flower Mound,Texas,40.2,35200.0,35824.0,71024,4217.0,6860.0,3.01,TX,6577.0,3559.0,6149.0,1095.0,61433.0
40,Vacaville,California,35.8,50091.0,46703.0,96794,9064.0,10577.0,2.9,CA,9273.0,18023.0,23395.0,3140.0,66825.0
41,Clarksville,Tennessee,29.7,75029.0,74161.0,149190,20803.0,8211.0,2.64,TN,6348.0,39445.0,16004.0,2338.0,104626.0
42,New Britain,Connecticut,33.4,37350.0,35459.0,72809,2219.0,15080.0,2.52,CT,2297.0,9873.0,30188.0,,56431.0
43,Tulsa,Oklahoma,35.0,197437.0,205654.0,403091,24672.0,43751.0,2.37,OK,16318.0,72643.0,61217.0,42129.0,279127.0
44,Seattle,Washington,35.5,345659.0,338784.0,684443,29364.0,119840.0,2.13,WA,121507.0,61974.0,43060.0,12804.0,511401.0
45,Mesa,Arizona,36.9,234998.0,236835.0,471833,31808.0,57492.0,2.68,AZ,14608.0,22699.0,131425.0,16044.0,413010.0
46,Yonkers,New York,38.0,96580.0,104538.0,201118,4801.0,61247.0,2.8,NY,13981.0,38731.0,73608.0,1112.0,129492.0
47,Camden,New Jersey,27.9,36437.0,39694.0,76131,1425.0,11317.0,3.0,NJ,1686.0,35237.0,41473.0,,19907.0
48,Alexandria,Virginia,36.6,74989.0,78522.0,153511,10635.0,44030.0,2.2,VA,13315.0,37168.0,25573.0,1133.0,106215.0
49,Jonesboro,Arkansas,32.6,35666.0,38240.0,73906,3682.0,3222.0,2.44,AR,1282.0,14599.0,4614.0,2109.0,56626.0
50,El Monte,California,37.3,57961.0,58784.0,116745,1686.0,59655.0,3.67,CA,33384.0,307.0,77523.0,718.0,64138.0
51,Roswell,Georgia,38.8,48637.0,45859.0,94496,3325.0,16501.0,2.7,GA,7240.0,15458.0,16920.0,585.0,69857.0
52,Omaha,Nebraska,34.2,218789.0,225098.0,443887,24503.0,48263.0,2.47,NE,19105.0,64223.0,63516.0,6318.0,353417.0
53,Troy,Michigan,43.3,42371.0,40905.0,83276,2975.0,21004.0,2.59,MI,22721.0,5294.0,2400.0,1677.0,56175.0
54,Winston-Salem,North Carolina,34.7,112520.0,128712.0,241232,14521.0,24302.0,2.47,NC,6484.0,87480.0,38321.0,1415.0,139301.0
55,Corpus Christi,Texas,35.0,160488.0,163594.0,324082,25078.0,30834.0,2.69,TX,9051.0,14978.0,200737.0,2972.0,292663.0
56,Atlanta,Georgia,33.8,223960.0,239915.0,463875,18572.0,32016.0,2.15,GA,24268.0,245367.0,18653.0,4606.0,196316.0
57,Bryan,Texas,29.4,41761.0,40345.0,82106,3602.0,12014.0,2.55,TX,2688.0,11914.0,29647.0,3557.0,59742.0
58,Lynchburg,Virginia,28.7,38614.0,41198.0,79812,4322.0,4364.0,2.48,VA,2910.0,23271.0,2689.0,1024.0,53727.0
59,Columbia,Maryland,37.9,52202.0,51265.0,103467,6526.0,23249.0,2.68,MD,17821.0,30075.0,8033.0,488.0,58343.0
60,Killeen,Texas,29.2,69442.0,71367.0,140809,24281.0,15769.0,2.72,TX,8183.0,54601.0,32600.0,2362.0,75823.0
61,Nashville,Tennessee,34.1,314231.0,340365.0,654596,27942.0,88193.0,2.39,TN,27355.0,188844.0,67526.0,5474.0,432447.0
62,Somerville,Massachusetts,31.0,41028.0,39306.0,80334,2103.0,22292.0,2.43,MA,9498.0,7140.0,8790.0,374.0,62927.0
63,Bakersfield,California,30.6,182154.0,191473.0,373627,12284.0,71575.0,3.23,CA,31929.0,34240.0,180241.0,7357.0,272853.0
64,Montgomery,Alabama,35.4,94582.0,106004.0,200586,14955.0,9337.0,2.41,AL,6518.0,121360.0,6648.0,1277.0,73545.0
65,Huntsville,Alabama,38.1,91764.0,97350.0,189114,16637.0,12691.0,2.18,AL,6566.0,61561.0,10887.0,1755.0,121904.0
66,Greensboro,North Carolina,35.5,132251.0,153093.0,285344,14011.0,26667.0,2.36,NC,12683.0,124108.0,22147.0,3688.0,144930.0
67,Turlock,California,36.2,33190.0,39103.0,72293,3397.0,14686.0,2.76,CA,5232.0,2307.0,23559.0,1187.0,59308.0
68,Lynwood,California,29.4,35634.0,36371.0,72005,776.0,28061.0,4.43,CA,994.0,5346.0,63377.0,,48670.0
69,El Paso,Texas,33.1,332797.0,348339.0,681136,47693.0,159709.0,3.03,TX,12370.0,34473.0,542017.0,7359.0,587683.0
70,Lexington-Fayette  county,Kentucky,34.4,154032.0,160456.0,314488,16661.0,28613.0,2.34,KY,14066.0,51493.0,21766.0,3187.0,249339.0
71,Rock Hill,South Carolina,34.5,33324.0,38243.0,71567,4755.0,2413.0,2.29,SC,1073.0,28204.0,2845.0,610.0,41652.0
72,Richardson,Texas,35.5,54676.0,56151.0,110827,4797.0,29579.0,2.83,TX,20724.0,13256.0,15762.0,1439.0,76116.0
73,Waco,Texas,29.3,63452.0,68890.0,132342,10716.0,14235.0,2.57,TX,4230.0,29883.0,40585.0,794.0,96958.0
74,San Buenaventura,California,37.7,53932.0,55785.0,109717,5980.0,18025.0,2.68,CA,6547.0,1300.0,38463.0,2808.0,95139.0
75,Stamford,Connecticut,35.4,64941.0,63936.0,128877,2269.0,44003.0,2.7,CT,11013.0,24329.0,33197.0,1416.0,85620.0
76,Vallejo,California,37.8,58379.0,62890.0,121269,8103.0,30592.0,2.83,CA,34753.0,26778.0,28977.0,1671.0,56169.0
77,Denver,Colorado,34.1,341137.0,341408.0,682545,29363.0,113222.0,2.33,CO,32491.0,72288.0,207847.0,14008.0,546370.0
78,Springdale,Arkansas,31.8,36840.0,43614.0,80454,3397.0,19969.0,3.04,AR,1422.0,1859.0,30200.0,547.0,56843.0
79,Chino,California,36.5,50989.0,34610.0,85599,4186.0,18666.0,3.62,CA,12948.0,6815.0,45495.0,4790.0,44543.0
80,Toms River,New Jersey,43.7,43864.0,43886.0,87750,5042.0,6852.0,2.71,NJ,4691.0,3703.0,10267.0,251.0,79538.0
81,Lynn,Massachusetts,34.8,44598.0,47861.0,92459,3093.0,29899.0,2.81,MA,9205.0,18240.0,33250.0,1176.0,50652.0
82,Lawton,Oklahoma,31.1,51099.0,45560.0,96659,11572.0,6123.0,2.72,OK,5173.0,25767.0,13780.0,10027.0,63948.0
83,Garland,Texas,34.5,116406.0,120430.0,236836,10407.0,62975.0,3.12,TX,27217.0,40507.0,90989.0,3083.0,154484.0
84,Layton,Utah,29.5,37748.0,36394.0,74142,3811.0,4268.0,3.24,UT,2889.0,2710.0,10123.0,1674.0,65333.0
85,Bloomington,Illinois,35.1,37972.0,40323.0,78295,3888.0,7287.0,2.34,IL,6549.0,11240.0,3461.0,182.0,60652.0
86,Newton,Massachusetts,42.3,41985.0,46824.0,88809,1814.0,21692.0,2.71,MA,15666.0,2925.0,4790.0,244.0,69380.0
87,Clearwater,Florida,47.0,55225.0,57754.0,112979,10631.0,17686.0,2.4,FL,2434.0,12369.0,17211.0,867.0,97195.0
88,Kenner,Louisiana,36.9,33993.0,33113.0,67106,2485.0,12352.0,2.57,LA,2729.0,17172.0,17769.0,158.0,44863.0
89,Las Cruces,New Mexico,32.7,47835.0,53809.0,101644,9421.0,11888.0,2.58,NM,3266.0,3825.0,60614.0,2368.0,91201.0
90,Yakima,Washington,34.0,45147.0,48553.0,93700,4705.0,15717.0,2.74,WA,2248.0,924.0,44172.0,2042.0,79286.0
91,Des Moines,Iowa,34.5,103726.0,106591.0,210317,11780.0,23857.0,2.41,IA,15205.0,26353.0,25306.0,3964.0,168057.0
92,Wichita Falls,Texas,34.0,55775.0,48934.0,104709,7800.0,9855.0,2.41,TX,3688.0,14529.0,23061.0,1503.0,82860.0
93,Wilmington,North Carolina,35.5,52346.0,63601.0,115947,5908.0,7401.0,2.24,NC,3152.0,23578.0,6811.0,742.0,89270.0
94,Cranston,Rhode Island,39.9,38365.0,42712.0,81077,4702.0,10631.0,2.56,RI,5978.0,8193.0,10418.0,839.0,64806.0
95,Amarillo,Texas,33.8,99391.0,100260.0,199651,11008.0,21124.0,2.64,TX,8563.0,14050.0,65392.0,4260.0,174214.0
96,Buffalo,New York,33.1,124537.0,133529.0,258066,11231.0,24630.0,2.27,NY,14518.0,101254.0,29656.0,4406.0,130078.0
97,Livonia,Michigan,47.4,45369.0,49264.0,94633,5397.0,7175.0,2.52,MI,2719.0,4633.0,1772.0,445.0,87383.0
98,San Leandro,California,41.8,43032.0,47679.0,90711,4111.0,34293.0,2.79,CA,34019.0,11100.0,26894.0,1540.0,40182.0
99,Fresno,California,30.0,256130.0,263942.0,520072,18410.0,103453.0,3.12,CA,75318.0,46072.0,256145.0,11380.0,325651.0
100,Saint George,Utah,37.3,38732.0,41475.0,80207,4443.0,4824.0,2.81,UT,1649.0,1376.0,10829.0,2406.0,71915.0
101,San Juan,Puerto Rico,41.4,155408.0,186829.0,342237,,,,PR,2452.0,,335559.0,4031.0,
102,Redlands,California,36.2,33993.0,37035.0,71028,3445.0,8681.0,2.82,CA,6255.0,6973.0,19698.0,811.0,55241.0
103,Thousand Oaks,California,44.8,65113.0,64216.0,129329,6323.0,25330.0,2.79,CA,16134.0,3229.0,26754.0,2690.0,108375.0
104,Rio Rancho,New Mexico,38.3,47251.0,46904.0,94155,8527.0,5200.0,2.86,NM,2374.0,3970.0,38674.0,4857.0,73022.0
105,Provo,Utah,23.6,56231.0,59027.0,115258,2177.0,10925.0,3.28,UT,4104.0,1062.0,16668.0,1916.0,108471.0
106,Tallahassee,Florida,26.2,89390.0,100504.0,189894,9575.0,16720.0,2.38,FL,10035.0,69135.0,13538.0,1368.0,112800.0
107,Aurora,Illinois,31.7,101964.0,101751.0,203715,4988.0,50980.0,3.3,IL,17190.0,23736.0,86653.0,1179.0,115903.0
108,Minneapolis,Minnesota,32.4,206547.0,204388.0,410935,15217.0,70769.0,2.26,MN,33854.0,89996.0,39981.0,9238.0,277862.0
109,Anaheim,California,33.6,179603.0,171135.0,350738,9796.0,137133.0,3.45,CA,53270.0,9775.0,201593.0,2489.0,259820.0
110,San Marcos,California,35.4,45246.0,47688.0,92934,5189.0,21558.0,3.13,CA,11519.0,4447.0,35164.0,821.0,72061.0
111,Norwalk,California,35.0,53125.0,54020.0,107145,3027.0,39396.0,3.88,CA,16189.0,5195.0,76020.0,1165.0,46998.0
112,Fort Worth,Texas,32.6,414126.0,422843.0,836969,39182.0,143404.0,2.88,TX,42053.0,167449.0,296133.0,7504.0,575180.0
113,Cambridge,Massachusetts,31.5,55421.0,54981.0,110402,2495.0,27757.0,2.06,MA,18441.0,11880.0,9433.0,906.0,80551.0
114,Deerfield Beach,Florida,41.4,37155.0,42614.0,79769,3882.0,23642.0,2.46,FL,1428.0,25344.0,12729.0,698.0,53037.0
115,Beaumont,Texas,31.6,57326.0,60784.0,118110,7584.0,10516.0,2.47,TX,4079.0,58008.0,18815.0,908.0,53597.0
116,Spring Valley,Nevada,37.0,96808.0,97147.0,193955,10644.0,61072.0,2.79,NV,45059.0,29031.0,40374.0,2215.0,111763.0
117,Sioux City,Iowa,34.3,38827.0,43949.0,82776,4093.0,7471.0,2.57,IA,3400.0,3994.0,15602.0,1956.0,70513.0
118,Alafaya,Florida,33.5,39504.0,45760.0,85264,4176.0,15842.0,2.94,FL,10336.0,6577.0,34897.0,,63666.0
119,Washington,District of Columbia,33.8,319705.0,352523.0,672228,25963.0,95117.0,2.24,DC,35072.0,328786.0,71129.0,6130.0,285402.0
120,Grand Prairie,Texas,33.1,90811.0,96944.0,187755,7073.0,44888.0,3.18,TX,11446.0,54934.0,85543.0,1754.0,113981.0
121,Waukesha,Wisconsin,35.8,36263.0,35713.0,71976,3116.0,4982.0,2.35,WI,2904.0,1923.0,9713.0,481.0,66757.0
122,Miami Beach,Florida,42.5,48090.0,44221.0,92311,2265.0,49908.0,2.1,FL,2772.0,4013.0,47446.0,,72180.0
123,North Las Vegas,Nevada,32.2,116350.0,118443.0,234793,17256.0,49815.0,3.31,NV,20273.0,54093.0,94804.0,4739.0,137357.0
124,Fort Smith,Arkansas,34.9,43346.0,44849.0,88195,3408.0,13177.0,2.44,AR,6228.0,9851.0,17104.0,2993.0,66004.0
125,Salinas,California,30.4,77765.0,79621.0,157386,4020.0,58693.0,3.72,CA,11227.0,3391.0,121196.0,2855.0,95283.0
126,Springfield,Illinois,38.8,55639.0,62170.0,117809,7525.0,4264.0,2.22,IL,3871.0,25327.0,2738.0,1602.0,90935.0
127,Bellingham,Washington,30.7,41286.0,43857.0,85143,4703.0,8713.0,2.44,WA,8010.0,2325.0,6966.0,2056.0,74183.0
128,Green Bay,Wisconsin,32.9,52517.0,52704.0,105221,5519.0,9813.0,2.37,WI,5652.0,7561.0,16786.0,6547.0,82033.0
129,Maple Grove,Minnesota,38.6,31780.0,36601.0,68381,2943.0,7645.0,2.64,MN,6088.0,2951.0,1685.0,549.0,59683.0
130,Escondido,California,33.3,76551.0,74907.0,151458,8110.0,46298.0,3.27,CA,14398.0,5631.0,73793.0,3151.0,120781.0
131,Rockford,Illinois,36.3,71076.0,78270.0,149346,8894.0,18323.0,2.52,IL,5500.0,33122.0,28923.0,2301.0,107148.0
132,Memphis,Tennessee,34.1,312237.0,343523.0,655760,31189.0,43318.0,2.55,TN,15778.0,420983.0,46621.0,4127.0,202961.0
133,Caguas,Puerto Rico,40.4,34743.0,42265.0,77008,,,,PR,,,76349.0,624.0,
134,Metairie,Louisiana,41.6,69515.0,76943.0,146458,7187.0,19871.0,2.39,LA,4791.0,17263.0,19703.0,438.0,124270.0
135,Tracy,California,35.5,43156.0,43937.0,87093,3025.0,25410.0,3.42,CA,16856.0,5241.0,32810.0,2120.0,58041.0
136,Champaign,Illinois,28.7,43326.0,42760.0,86086,3734.0,12261.0,2.25,IL,11746.0,16163.0,4015.0,,58099.0
137,West Palm Beach,Florida,39.6,49262.0,57520.0,106782,4917.0,30675.0,2.53,FL,3191.0,39226.0,26132.0,406.0,60648.0
138,Beaverton,Oregon,35.6,47325.0,49252.0,96577,4645.0,18933.0,2.46,OR,10538.0,3100.0,15452.0,905.0,80975.0
139,Ogden,Utah,31.3,44323.0,41127.0,85450,5080.0,12791.0,2.68,UT,1911.0,2620.0,28275.0,1717.0,74960.0
140,Decatur,Illinois,40.4,34646.0,38210.0,72856,5291.0,1224.0,2.23,IL,1343.0,17939.0,1709.0,265.0,56231.0
141,Pompano Beach,Florida,42.5,56569.0,51202.0,107771,5145.0,32733.0,2.55,FL,1089.0,38653.0,23225.0,2138.0,67360.0
142,Nashua,New Hampshire,38.3,42926.0,45049.0,87975,5532.0,12693.0,2.46,NH,9685.0,4147.0,10511.0,655.0,73977.0
143,Vancouver,Washington,37.2,82958.0,89895.0,172853,12391.0,21748.0,2.49,WA,10882.0,7520.0,23184.0,4541.0,149863.0
144,Fargo,North Dakota,30.7,60560.0,58690.0,119250,6154.0,9428.0,2.18,ND,4646.0,6477.0,3567.0,3102.0,107349.0
145,El Cajon,California,32.7,54450.0,49238.0,103688,7103.0,31865.0,3.14,CA,4561.0,7534.0,31542.0,1891.0,84703.0
146,Lancaster,California,30.9,80668.0,80445.0,161113,7892.0,17247.0,3.25,CA,8654.0,36007.0,57423.0,2186.0,110311.0
147,Wilmington,Delaware,36.4,32680.0,39277.0,71957,3063.0,3336.0,2.45,DE,1193.0,44182.0,5516.0,414.0,23743.0
148,Miramar,Florida,36.6,66157.0,70958.0,137115,3077.0,57179.0,3.41,FL,12084.0,65840.0,46767.0,,58914.0
149,Riverview,Florida,32.2,44210.0,45536.0,89746,6943.0,12240.0,3.22,FL,3582.0,15159.0,23317.0,726.0,60793.0
150,Arlington Heights,Illinois,45.9,37627.0,39369.0,76996,3027.0,14630.0,2.38,IL,9975.0,1222.0,2742.0,,66285.0
151,Lorain,Ohio,35.6,30844.0,32807.0,63651,4905.0,1531.0,2.52,OH,308.0,16388.0,19342.0,904.0,46667.0
152,Mesquite,Texas,34.6,69240.0,75884.0,145124,6438.0,26755.0,2.96,TX,4496.0,37339.0,56753.0,2564.0,98597.0
153,Appleton,Wisconsin,35.6,37217.0,38038.0,75255,4219.0,4454.0,2.49,WI,5561.0,3407.0,5139.0,835.0,64674.0
154,Johns Creek,Georgia,39.0,40282.0,43057.0,83339,1983.0,29000.0,3.19,GA,24289.0,11273.0,5924.0,826.0,48414.0
155,Nampa,Idaho,31.4,45651.0,44199.0,89850,4736.0,6607.0,2.98,ID,1486.0,1600.0,22066.0,2167.0,80776.0
156,Sterling Heights,Michigan,39.6,64985.0,67077.0,132062,6970.0,34313.0,2.66,MI,12264.0,8054.0,2811.0,,112743.0
157,Tacoma,Washington,37.7,100914.0,107036.0,207950,19040.0,31863.0,2.48,WA,26909.0,30914.0,25764.0,5549.0,149859.0
158,Manchester,New Hampshire,37.3,54845.0,55378.0,110223,5473.0,14506.0,2.4,NH,4304.0,6896.0,11962.0,558.0,100108.0
159,Overland Park,Kansas,38.2,93355.0,93156.0,186511,10461.0,21407.0,2.41,KS,17123.0,10685.0,10104.0,1264.0,161153.0
160,Cicero,Illinois,28.5,43153.0,40714.0,83867,629.0,33801.0,3.89,IL,1193.0,2865.0,76425.0,964.0,30824.0
161,Weston,Florida,38.6,32956.0,36991.0,69947,1507.0,30876.0,3.34,FL,4130.0,3697.0,36687.0,128.0,61021.0
162,Meridian,Idaho,38.0,43353.0,47400.0,90753,5640.0,8110.0,2.54,ID,2693.0,1809.0,6596.0,492.0,84625.0
163,Trenton,New Jersey,33.3,42581.0,41650.0,84231,2604.0,20428.0,3.04,NJ,1437.0,43471.0,30613.0,98.0,37683.0
164,Temecula,California,34.2,54407.0,57619.0,112026,7587.0,18884.0,3.34,CA,14532.0,5698.0,36246.0,2236.0,85130.0
165,Saint Charles,Missouri,34.9,32054.0,36747.0,68801,4371.0,5274.0,2.33,MO,3392.0,6842.0,4070.0,681.0,58662.0
166,Antioch,California,34.0,54733.0,55809.0,110542,5681.0,24942.0,3.31,CA,14333.0,23227.0,35563.0,3462.0,51151.0
167,Eugene,Oregon,33.4,79071.0,84377.0,163448,8896.0,14503.0,2.34,OR,11073.0,5632.0,17356.0,5035.0,146807.0
168,Edinburg,Texas,29.3,39422.0,45079.0,84501,2409.0,16569.0,3.31,TX,812.0,,74698.0,,77560.0
169,Huntington Beach,California,41.6,99967.0,101960.0,201927,10454.0,35368.0,2.67,CA,29095.0,4027.0,42303.0,2843.0,156071.0
170,Torrance,California,41.2,73209.0,75259.0,148468,8459.0,43096.0,2.7,CA,54317.0,5906.0,25699.0,3638.0,80498.0
171,South Bend,Indiana,32.4,50483.0,53274.0,103757,3708.0,8779.0,2.72,IN,1788.0,30005.0,16462.0,411.0,71391.0
172,Bethlehem,Pennsylvania,35.1,35861.0,38506.0,74367,4704.0,6295.0,2.46,PA,3759.0,7821.0,23409.0,,64526.0
173,Lakewood,California,39.9,41523.0,40069.0,81592,4094.0,18274.0,3.13,CA,18999.0,6123.0,24987.0,398.0,43766.0
174,Birmingham,Alabama,35.6,102122.0,112789.0,214911,13212.0,8258.0,2.21,AL,1500.0,157985.0,8940.0,1319.0,51728.0
175,Hawthorne,California,33.7,43682.0,44762.0,88444,2123.0,32107.0,2.97,CA,7601.0,21566.0,50115.0,906.0,23665.0
176,Boca Raton,Florida,47.3,44760.0,48466.0,93226,4367.0,21117.0,2.22,FL,2494.0,4527.0,14735.0,556.0,80781.0
177,Vista,California,29.3,50680.0,50204.0,100884,4957.0,23271.0,3.52,CA,7189.0,5164.0,49524.0,,83529.0
178,Brockton,Massachusetts,35.2,46273.0,49041.0,95314,3036.0,27313.0,2.88,MA,2528.0,43646.0,10890.0,881.0,40110.0
179,New Rochelle,New York,40.6,38871.0,40967.0,79838,2780.0,26960.0,2.85,NY,4218.0,17723.0,23548.0,645.0,44435.0
180,Dearborn,Michigan,33.5,46482.0,48698.0,95180,3163.0,23920.0,3.04,MI,4134.0,3699.0,3533.0,713.0,88742.0
181,Charleston,South Carolina,35.0,63956.0,71568.0,135524,9368.0,5767.0,2.4,SC,2773.0,29998.0,3929.0,633.0,104016.0
182,Elizabeth,New Jersey,34.2,65896.0,63116.0,129012,1131.0,63413.0,3.18,NJ,3369.0,29822.0,86456.0,797.0,70873.0
183,Syracuse,New York,30.3,69462.0,74690.0,144152,5845.0,17733.0,2.39,NY,9386.0,46026.0,13368.0,3606.0,88679.0
184,Redding,California,38.8,42530.0,49049.0,91579,6926.0,5181.0,2.42,CA,5271.0,2112.0,9143.0,4352.0,81244.0
185,Scottsdale,Arizona,46.9,115712.0,121132.0,236844,16798.0,27207.0,2.17,AZ,11555.0,5279.0,24766.0,7003.0,205512.0
186,Glendale,Arizona,34.4,116795.0,123319.0,240114,13241.0,44133.0,2.89,AZ,15245.0,16254.0,83711.0,4064.0,202539.0
187,Fishers,Indiana,34.5,42161.0,43910.0,86071,2469.0,6138.0,2.8,IN,7571.0,6873.0,3409.0,,73361.0
188,Waldorf,Maryland,33.6,35640.0,39872.0,75512,6932.0,5954.0,2.69,MD,4100.0,47334.0,4810.0,1918.0,26788.0
189,Las Vegas,Nevada,37.5,310568.0,313201.0,623769,42397.0,127609.0,2.79,NV,55745.0,84987.0,204913.0,8456.0,429142.0
190,Victoria,Texas,35.8,32290.0,35291.0,67581,5000.0,4480.0,2.7,TX,2032.0,6058.0,34409.0,,58798.0
191,Anchorage,Alaska,32.2,152945.0,145750.0,298695,27492.0,33258.0,2.77,AK,36825.0,23107.0,27261.0,36339.0,212696.0
192,San Diego,California,34.5,693826.0,701081.0,1394907,92489.0,373842.0,2.73,CA,267222.0,111650.0,425414.0,16496.0,949388.0
193,Dayton,Ohio,32.8,66631.0,73966.0,140597,8465.0,7381.0,2.26,OH,1885.0,57280.0,4945.0,2010.0,86016.0
194,Glendale,California,42.1,98181.0,102844.0,201025,4448.0,111510.0,2.69,CA,42070.0,4619.0,30807.0,474.0,146718.0
195,Auburn,Washington,37.1,36837.0,39743.0,76580,5401.0,14842.0,2.73,WA,12341.0,4032.0,10836.0,3042.0,58293.0
196,Peoria,Arizona,36.9,80139.0,91103.0,171242,13019.0,14260.0,2.97,AZ,6631.0,8514.0,41129.0,3108.0,151232.0
197,Charlotte,North Carolina,34.3,396646.0,430475.0,827121,36046.0,128897.0,2.52,NC,55399.0,301568.0,113731.0,8746.0,446795.0
198,Gulfport,Mississippi,35.1,33108.0,38764.0,71872,6646.0,3072.0,2.54,MS,1723.0,27799.0,4247.0,,42870.0
199,Abilene,Texas,31.3,65212.0,60664.0,125876,9367.0,8129.0,2.64,TX,2929.0,14449.0,33222.0,1813.0,95487.0
200,Centreville,Virginia,36.0,34749.0,37033.0,71782,3779.0,27797.0,2.97,VA,25058.0,6724.0,9613.0,355.0,39129.0
201,Pleasanton,California,41.3,36662.0,42857.0,79519,2424.0,23208.0,2.87,CA,27662.0,1919.0,7949.0,608.0,49934.0
202,Westminster,California,42.9,45538.0,46573.0,92111,3435.0,42227.0,3.27,CA,46560.0,2270.0,19111.0,1022.0,37593.0
203,Waterbury,Connecticut,36.2,52235.0,56572.0,108807,3493.0,19967.0,2.71,CT,4080.0,26972.0,38222.0,492.0,69075.0
204,Davie,Florida,40.8,48754.0,52140.0,100894,4655.0,26532.0,2.72,FL,4581.0,11005.0,35311.0,464.0,79832.0
205,Houston,Texas,32.6,1149686.0,1148942.0,2298628,71898.0,696210.0,2.66,TX,173854.0,529431.0,1028148.0,13157.0,1386389.0
206,Concord,California,39.6,62310.0,66358.0,128668,6287.0,37428.0,2.72,CA,17453.0,6150.0,41400.0,1447.0,92575.0
207,Eagan,Minnesota,36.8,31587.0,34701.0,66288,2699.0,8642.0,2.49,MN,6923.0,8032.0,4328.0,684.0,52612.0
208,Duluth,Minnesota,34.7,41271.0,44855.0,86126,5015.0,2258.0,2.25,MN,1721.0,3891.0,1981.0,1894.0,81720.0
209,Carolina,Puerto Rico,42.0,64758.0,77308.0,142066,,,,PR,,,139967.0,12143.0,
210,Ellicott City,Maryland,42.4,34406.0,36526.0,70932,3856.0,17587.0,2.73,MD,22551.0,6089.0,1602.0,396.0,43537.0
211,Port Saint Lucie,Florida,42.1,84069.0,95341.0,179410,12416.0,34003.0,2.91,FL,7967.0,32986.0,34240.0,1536.0,135049.0
212,Greeley,Colorado,31.0,50792.0,50091.0,100883,4294.0,11480.0,2.75,CO,2202.0,2856.0,39271.0,2449.0,92874.0
213,Ames,Iowa,23.0,33814.0,31238.0,65052,2265.0,8606.0,2.16,IA,8979.0,1103.0,2024.0,,56157.0
214,West Jordan,Utah,30.8,57898.0,54044.0,111942,3577.0,11492.0,3.46,UT,3539.0,3179.0,21315.0,1211.0,100150.0
215,Chico,California,29.9,46168.0,44168.0,90336,4519.0,8425.0,2.5,CA,6101.0,3164.0,15578.0,2766.0,80467.0
216,Chino Hills,California,41.9,39639.0,38674.0,78313,3358.0,24764.0,3.05,CA,28132.0,3506.0,22539.0,1773.0,40030.0
217,New Bedford,Massachusetts,38.6,43793.0,51166.0,94959,4185.0,19024.0,2.39,MA,1811.0,8890.0,18336.0,346.0,63938.0
218,San Bernardino,California,28.5,108671.0,107466.0,216137,7741.0,55135.0,3.55,CA,12981.0,36393.0,136214.0,4520.0,123174.0
219,Longmont,Colorado,36.8,43941.0,48280.0,92221,4925.0,10424.0,2.63,CO,2255.0,1782.0,24846.0,1682.0,85853.0
220,Lincoln,Nebraska,32.3,138544.0,138802.0,277346,14694.0,22958.0,2.4,NE,15138.0,16445.0,20296.0,4281.0,246677.0
221,Pasco,Washington,28.6,35298.0,32799.0,68097,2052.0,16265.0,3.45,WA,2215.0,2265.0,38883.0,1054.0,55741.0
222,Cincinnati,Ohio,32.7,143654.0,154883.0,298537,13699.0,16896.0,2.08,OH,7633.0,133430.0,9121.0,3362.0,162245.0
223,New Braunfels,Texas,37.0,33071.0,36852.0,69923,5204.0,5405.0,2.85,TX,1610.0,3471.0,22522.0,648.0,63789.0
224,Union City,New Jersey,35.4,35376.0,33773.0,69149,705.0,40553.0,2.85,NJ,4044.0,4686.0,53174.0,545.0,50031.0
225,Fontana,California,29.5,100644.0,106828.0,207472,4076.0,61448.0,4.15,CA,14281.0,16986.0,156134.0,2656.0,85044.0
226,Milwaukee,Wisconsin,31.6,286315.0,313839.0,600154,20615.0,58321.0,2.51,WI,24832.0,248149.0,110335.0,10813.0,297038.0
227,Racine,Wisconsin,33.7,39314.0,38423.0,77737,4650.0,4403.0,2.56,WI,1175.0,20014.0,18215.0,1371.0,52445.0
228,Santa Maria,California,30.1,53320.0,51762.0,105082,2876.0,39192.0,3.83,CA,5058.0,1237.0,81551.0,1575.0,90403.0
229,Marysville,Washington,33.2,33436.0,33337.0,66773,5714.0,7721.0,2.79,WA,6185.0,1800.0,7142.0,3260.0,58894.0
230,Inglewood,California,34.9,52995.0,58661.0,111656,2703.0,34171.0,3.12,CA,2712.0,44991.0,60873.0,1395.0,33966.0
231,Cedar Rapids,Iowa,36.2,63109.0,67296.0,130405,7823.0,5404.0,2.32,IA,5406.0,11921.0,5328.0,1243.0,116851.0
232,German,Maryland,34.9,41115.0,43007.0,84122,2443.0,27877.0,2.95,MD,15921.0,22273.0,18202.0,1232.0,43330.0
233,Highlands Ranch,Colorado,39.6,49186.0,53281.0,102467,4840.0,8827.0,2.72,CO,5650.0,1779.0,8393.0,1480.0,94499.0
234,Tustin,California,33.4,39511.0,41052.0,80563,2434.0,25034.0,3.27,CA,16074.0,2954.0,33998.0,538.0,39660.0
235,Kent,Washington,33.4,61825.0,65137.0,126962,7985.0,38175.0,3.06,WA,26168.0,20450.0,21928.0,3651.0,67918.0
236,Urban Honolulu,Hawaii,41.4,176807.0,175959.0,352766,23213.0,101312.0,2.69,HI,240978.0,11781.0,24586.0,5592.0,110508.0
237,Richmond,California,35.3,52615.0,57100.0,109715,3611.0,42215.0,2.87,CA,20082.0,27434.0,45132.0,2348.0,36074.0
238,Deltona,Florida,39.9,44853.0,43621.0,88474,5664.0,7098.0,2.89,FL,1292.0,12056.0,31357.0,651.0,75686.0
239,Kissimmee,Florida,36.7,33283.0,35869.0,69152,2449.0,16879.0,3.01,FL,2634.0,6623.0,44120.0,,51123.0
240,Springfield,Massachusetts,31.8,74744.0,79592.0,154336,5723.0,16226.0,2.81,MA,5606.0,35284.0,69209.0,2087.0,97171.0
241,San Mateo,California,39.3,50966.0,52558.0,103524,2730.0,34957.0,2.64,CA,30573.0,2880.0,23151.0,682.0,62656.0
242,Fall River,Massachusetts,39.3,43314.0,45456.0,88770,4143.0,14775.0,2.21,MA,1891.0,6389.0,9081.0,1481.0,77242.0
243,Carmichael,California,41.0,29281.0,33934.0,63215,4225.0,7378.0,2.39,CA,4205.0,4675.0,9291.0,2603.0,55862.0
244,Lauderhill,Florida,35.7,32813.0,38761.0,71574,1965.0,25471.0,3.02,FL,2662.0,56948.0,6089.0,1186.0,10788.0
245,Worcester,Massachusetts,34.9,90951.0,93855.0,184806,9408.0,36907.0,2.43,MA,15932.0,27491.0,39000.0,1917.0,131898.0
246,Providence,Rhode Island,29.9,89090.0,90114.0,179204,4933.0,53532.0,2.72,RI,13432.0,30638.0,77968.0,4171.0,97885.0
247,Fayetteville,Arkansas,27.1,41959.0,40873.0,82832,4744.0,6313.0,2.28,AR,4707.0,6927.0,5535.0,2058.0,68830.0
248,Santa Rosa,California,37.9,86840.0,88149.0,174989,9101.0,33015.0,2.7,CA,13496.0,7157.0,54578.0,8859.0,138506.0
249,Union City,California,38.5,38599.0,35911.0,74510,1440.0,32752.0,3.46,CA,44849.0,5508.0,13207.0,243.0,16845.0
250,Lakeland,Florida,38.1,47840.0,56570.0,104410,7390.0,11592.0,2.56,FL,3348.0,25111.0,16501.0,288.0,75636.0
251,Boulder,Colorado,29.0,56342.0,51000.0,107342,4061.0,12993.0,2.24,CO,8772.0,1615.0,9795.0,767.0,98243.0
252,Richmond,Virginia,33.6,104793.0,115496.0,220289,12538.0,15741.0,2.29,VA,6626.0,109722.0,14259.0,4902.0,104568.0
253,Bayonne,New Jersey,39.7,32705.0,33598.0,66303,2225.0,21899.0,2.62,NJ,7171.0,7581.0,19525.0,,41431.0
254,Santa Barbara,California,37.8,45068.0,46784.0,91852,4518.0,19441.0,2.51,CA,4964.0,2013.0,31102.0,1560.0,73659.0
255,Yuba City,California,34.5,33654.0,33290.0,66944,4706.0,18032.0,2.9,CA,15065.0,1912.0,20890.0,2163.0,48746.0
256,Palo Alto,California,40.2,31451.0,35397.0,66848,2025.0,23348.0,2.55,CA,24055.0,1049.0,3496.0,556.0,43019.0
257,Pueblo,Colorado,37.6,55635.0,53784.0,109419,7989.0,3578.0,2.44,CO,2468.0,4107.0,57579.0,7306.0,86097.0
258,The Villages,Florida,70.5,,,72590,15231.0,4034.0,,FL,,331.0,1066.0,,72211.0
259,Fort Wayne,Indiana,34.7,124815.0,133329.0,258144,13539.0,19146.0,2.45,IN,13596.0,46319.0,21234.0,3577.0,204114.0
260,Santa Ana,California,30.8,167503.0,167920.0,335423,4735.0,152999.0,4.58,CA,37651.0,5813.0,262436.0,4838.0,163096.0
261,Bismarck,North Dakota,38.0,34675.0,35565.0,70240,4145.0,2064.0,2.11,ND,930.0,1700.0,1667.0,4040.0,64719.0
262,Phoenix,Arizona,33.8,786833.0,776168.0,1563001,72388.0,300702.0,2.89,AZ,66403.0,132939.0,669914.0,41748.0,1161455.0
263,Daly City,California,39.7,53817.0,52757.0,106574,3782.0,56640.0,3.26,CA,61918.0,5401.0,24316.0,893.0,25522.0
264,South San Francisco,California,39.4,34177.0,33094.0,67271,1839.0,27528.0,3.33,CA,23008.0,2327.0,29173.0,535.0,28135.0
265,Bloomington,Indiana,23.5,40588.0,43227.0,83815,2368.0,10033.0,2.33,IN,9801.0,5133.0,3643.0,912.0,71200.0
266,Independence,Missouri,38.6,54348.0,62907.0,117255,10220.0,4911.0,2.33,MO,558.0,10394.0,12236.0,1883.0,98940.0
267,Kennewick,Washington,32.0,38492.0,40411.0,78903,5158.0,8376.0,2.78,WA,4252.0,2887.0,19395.0,1101.0,65228.0
268,Flagstaff,Arizona,23.9,33224.0,37093.0,70317,3667.0,4262.0,2.55,AZ,2646.0,3144.0,13606.0,5117.0,58696.0
269,Brandon,Florida,36.1,55679.0,58289.0,113968,9417.0,16390.0,2.64,FL,9440.0,23475.0,26224.0,1921.0,80811.0
270,Kansas City,Kansas,33.4,74606.0,76655.0,151261,8139.0,25507.0,2.71,KS,7301.0,40177.0,44342.0,2749.0,96113.0
271,Waukegan,Illinois,32.3,45514.0,42833.0,88347,3404.0,30997.0,2.92,IL,4933.0,11697.0,54214.0,677.0,65629.0
272,Fort Collins,Colorado,29.6,80893.0,80288.0,161181,8425.0,9704.0,2.45,CO,7913.0,3176.0,15521.0,3271.0,150568.0
273,Jacksonville,North Carolina,24.2,40015.0,27348.0,67363,8252.0,3732.0,2.51,NC,4204.0,13253.0,11947.0,1741.0,51245.0
274,Cary,North Carolina,39.9,78932.0,81582.0,160514,7426.0,30008.0,2.61,NC,25124.0,15496.0,10327.0,1752.0,119814.0
275,Saint Joseph,Missouri,35.7,37688.0,38408.0,76096,5846.0,3755.0,2.58,MO,1271.0,6964.0,5400.0,1018.0,68293.0
276,Melbourne,Florida,43.4,39180.0,40956.0,80136,8363.0,9685.0,2.37,FL,5186.0,11721.0,6060.0,251.0,65397.0
277,Palm Bay,Florida,40.7,51767.0,56128.0,107895,10942.0,12070.0,2.82,FL,1124.0,20891.0,16841.0,1603.0,84328.0
278,Plantation,Florida,40.6,42881.0,49674.0,92555,4037.0,27902.0,2.73,FL,3954.0,19670.0,26401.0,,66970.0
279,Olathe,Kansas,33.0,65046.0,69270.0,134316,6042.0,11913.0,2.97,KS,6288.0,9518.0,16131.0,1872.0,120282.0
280,Sioux Falls,South Dakota,34.6,86596.0,84934.0,171530,8658.0,12934.0,2.38,SD,4689.0,10904.0,9388.0,4623.0,149298.0
281,Portsmouth,Virginia,33.6,45900.0,50301.0,96201,10261.0,1815.0,2.54,VA,1785.0,52972.0,3896.0,1584.0,43004.0
282,Kansas City,Missouri,35.9,228430.0,246931.0,475361,24710.0,37787.0,2.35,MO,17061.0,147739.0,46037.0,5796.0,296623.0
283,Jackson,Tennessee,35.3,30007.0,36973.0,66980,3529.0,2097.0,2.52,TN,1171.0,30103.0,3383.0,564.0,36037.0
284,Spokane,Washington,36.6,102756.0,110511.0,213267,18044.0,13253.0,2.34,WA,9059.0,10045.0,13365.0,7192.0,193143.0
285,Colorado Springs,Colorado,34.8,225544.0,231018.0,456562,49291.0,35320.0,2.48,CO,22619.0,38976.0,78711.0,11146.0,374900.0
286,McKinney,Texas,35.6,77339.0,85548.0,162887,8082.0,25760.0,2.91,TX,13882.0,16689.0,31705.0,1801.0,129192.0
287,Henderson,Nevada,42.5,139412.0,146246.0,285658,25045.0,35666.0,2.55,NV,24931.0,18816.0,47154.0,3036.0,234301.0
288,Norfolk,Virginia,30.2,128917.0,117476.0,246393,29445.0,16702.0,2.51,VA,11854.0,107893.0,18760.0,3259.0,127741.0
289,Arvada,Colorado,41.0,54870.0,60165.0,115035,8930.0,4921.0,2.49,CO,2922.0,2985.0,16419.0,2370.0,107639.0
290,Hollywood,Florida,41.4,75358.0,74363.0,149721,6056.0,55158.0,2.65,FL,4696.0,34916.0,53247.0,1010.0,107916.0
291,Chesapeake,Virginia,36.7,114964.0,120465.0,235429,29772.0,13966.0,2.73,VA,11354.0,73850.0,12959.0,2087.0,150414.0
292,Columbus,Ohio,32.5,413981.0,435086.0,849067,40238.0,101129.0,2.4,OH,48974.0,256764.0,46855.0,11496.0,549468.0
293,Spring Hill,Florida,45.1,48295.0,54902.0,103197,9737.0,7893.0,2.58,FL,2409.0,7689.0,15838.0,1254.0,91742.0
294,Kenosha,Wisconsin,36.3,49349.0,50507.0,99856,6238.0,7443.0,2.55,WI,2537.0,11915.0,18772.0,1264.0,84780.0
295,Kendall,Florida,40.2,36658.0,39808.0,76466,1678.0,31180.0,2.81,FL,3650.0,2937.0,47521.0,,70266.0
296,Redondo Beach,California,43.0,34855.0,33330.0,68185,3014.0,13536.0,2.34,CA,13118.0,2234.0,8858.0,1007.0,53811.0
297,Walnut Creek,California,47.6,31994.0,36912.0,68906,4977.0,13624.0,2.22,CA,10831.0,1705.0,5212.0,,57064.0
298,Mission,Texas,32.9,40530.0,42777.0,83307,2383.0,22608.0,3.51,TX,3075.0,,73367.0,,77985.0
299,McAllen,Texas,32.3,68332.0,71921.0,140253,4356.0,37691.0,3.19,TX,5575.0,3332.0,113829.0,664.0,107763.0
300,Cheektowaga,New York,40.7,37476.0,38599.0,76075,5408.0,3532.0,2.3,NY,1584.0,10562.0,1994.0,,63541.0
301,Oceanside,California,39.4,87482.0,88232.0,175714,18051.0,37492.0,2.72,CA,20882.0,11907.0,62100.0,2452.0,137533.0
302,Orlando,Florida,33.1,130940.0,139977.0,270917,12782.0,50558.0,2.42,FL,11124.0,68081.0,89306.0,2374.0,179121.0
303,Parma,Ohio,40.8,38425.0,41518.0,79943,5028.0,6909.0,2.42,OH,974.0,2928.0,5361.0,876.0,76282.0
304,Harlingen,Texas,30.1,32404.0,33365.0,65769,2761.0,10391.0,3.0,TX,2166.0,,51727.0,,61844.0
305,Pembroke Pines,Florida,40.3,77050.0,89574.0,166624,6849.0,62210.0,2.94,FL,12910.0,34507.0,60519.0,1076.0,113624.0
306,Alhambra,California,41.0,42184.0,43388.0,85572,1673.0,44441.0,2.89,CA,44067.0,1905.0,31386.0,687.0,20811.0
307,Brentwood,New York,34.2,31395.0,32397.0,63792,1492.0,27058.0,4.98,NY,1647.0,8619.0,40111.0,4242.0,46347.0
308,Riverside,California,31.4,160613.0,161810.0,322423,12373.0,69584.0,3.34,CA,27675.0,26147.0,160697.0,5338.0,225157.0
309,Menifee,California,37.1,42866.0,44297.0,87163,6821.0,12481.0,3.06,CA,7108.0,7773.0,29790.0,1639.0,62331.0
310,Kalamazoo,Michigan,26.4,37175.0,38865.0,76040,3048.0,3482.0,2.36,MI,2429.0,19194.0,4114.0,954.0,56866.0
311,Carson,California,40.4,43790.0,49506.0,93296,4273.0,33860.0,3.7,CA,31706.0,19947.0,32938.0,2119.0,28801.0
312,Ann Arbor,Michigan,28.1,58789.0,58281.0,117070,3614.0,20717.0,2.17,MI,18797.0,9577.0,5888.0,1935.0,90173.0
313,Farmington Hills,Michigan,42.1,37527.0,43805.0,81332,3650.0,18033.0,2.41,MI,10759.0,13483.0,2052.0,313.0,57815.0
314,Missouri City,Texas,37.2,34932.0,36846.0,71778,4274.0,18556.0,3.03,TX,17854.0,28070.0,10007.0,,20590.0
315,Orange,California,35.0,67337.0,73658.0,140995,3993.0,34550.0,3.14,CA,22457.0,2853.0,46255.0,658.0,100083.0
316,Everett,Washington,37.0,56212.0,51800.0,108012,7880.0,19499.0,2.36,WA,9807.0,8304.0,15889.0,3645.0,88395.0
317,Citrus Heights,California,37.8,41982.0,45071.0,87053,6171.0,9466.0,2.49,CA,3615.0,5979.0,14661.0,1514.0,77525.0
318,Gainesville,Florida,26.0,60803.0,69330.0,130133,4788.0,15272.0,2.33,FL,11963.0,32912.0,12208.0,740.0,87612.0
319,Milpitas,California,36.8,40098.0,37519.0,77617,1608.0,39436.0,3.32,CA,52617.0,2914.0,11815.0,599.0,17127.0
320,Tampa,Florida,35.3,175517.0,193511.0,369028,20636.0,58795.0,2.47,FL,15814.0,92156.0,95154.0,2915.0,257552.0
321,Santa Monica,California,40.6,46732.0,46487.0,93219,2008.0,24448.0,2.0,CA,13283.0,9663.0,14973.0,2197.0,70365.0
322,Eau Claire,Wisconsin,32.0,32327.0,35106.0,67433,3261.0,2833.0,2.4,WI,4202.0,725.0,1488.0,876.0,62194.0
323,Enterprise,Nevada,34.1,69146.0,66328.0,135474,7526.0,31173.0,2.89,NV,35444.0,14637.0,25307.0,2777.0,85505.0
324,Shawnee,Kansas,40.1,32313.0,32745.0,65058,3575.0,4136.0,2.64,KS,3093.0,7296.0,4864.0,485.0,55883.0
325,North Charleston,South Carolina,30.7,56549.0,55315.0,111864,9651.0,8789.0,2.82,SC,4181.0,56734.0,12975.0,1042.0,48956.0
326,Boynton Beach,Florida,45.8,33701.0,40271.0,73972,4727.0,15431.0,2.45,FL,2114.0,20616.0,12553.0,,49704.0
327,Temple,Texas,33.6,33512.0,38785.0,72297,7333.0,3968.0,2.59,TX,1781.0,14747.0,21372.0,1615.0,54698.0
328,Rockville,Maryland,38.1,31205.0,35793.0,66998,1990.0,25047.0,2.6,MD,17370.0,7533.0,9197.0,594.0,41692.0
329,Cape Coral,Florida,45.0,85626.0,89604.0,175230,14446.0,24185.0,2.85,FL,3314.0,7311.0,33016.0,1040.0,163396.0
330,Manteca,California,35.3,37053.0,38397.0,75450,3936.0,13942.0,3.25,CA,8172.0,6279.0,31552.0,2861.0,56156.0
331,Little Rock,Arkansas,36.6,96997.0,100989.0,197986,12343.0,16640.0,2.36,AR,8423.0,85606.0,15500.0,961.0,102312.0
332,Oxnard,California,31.0,101906.0,105346.0,207252,6367.0,78678.0,4.08,CA,18249.0,7183.0,154911.0,6241.0,165423.0
333,Bk,California,37.0,50405.0,54909.0,105314,4048.0,32435.0,2.52,CA,14636.0,4729.0,22089.0,1639.0,79582.0
334,Evanston,Illinois,36.8,34146.0,41377.0,75523,2058.0,15003.0,2.29,IL,8800.0,11671.0,9075.0,544.0,54496.0
335,Atascocita,Texas,32.8,37424.0,40816.0,78240,4416.0,8657.0,3.03,TX,2441.0,21491.0,20441.0,1024.0,50630.0
336,Surprise,Arizona,39.4,62875.0,65567.0,128442,11109.0,9929.0,2.9,AZ,3153.0,9079.0,25366.0,1883.0,115419.0
337,Dothan,Alabama,38.9,32172.0,35364.0,67536,6334.0,1699.0,2.59,AL,1175.0,23243.0,1704.0,656.0,43516.0
338,Rapid City,South Dakota,39.5,36122.0,37446.0,73568,7429.0,2375.0,2.31,SD,2170.0,2217.0,2971.0,9159.0,63983.0
339,Lee's Summit,Missouri,36.8,48353.0,46715.0,95068,6624.0,3803.0,2.68,MO,3013.0,7100.0,4504.0,1251.0,82915.0
340,Warren,Michigan,43.2,64063.0,71293.0,135356,7806.0,18822.0,2.45,MI,12156.0,29391.0,3210.0,1516.0,96357.0
341,Erie,Pennsylvania,35.3,48618.0,50852.0,99470,7093.0,6275.0,2.31,PA,3306.0,20564.0,7859.0,913.0,78636.0
342,Mountain View,California,33.5,42493.0,37945.0,80438,1376.0,31857.0,2.46,CA,23884.0,1974.0,16397.0,577.0,51400.0
343,West Valley City,Utah,30.7,68235.0,67989.0,136224,4880.0,30712.0,3.81,UT,9550.0,3222.0,44080.0,4851.0,89145.0
344,Hartford,Connecticut,31.0,58042.0,65972.0,124014,3130.0,28467.0,2.59,CT,4105.0,49939.0,55959.0,2451.0,46529.0
345,Fremont,California,38.3,114383.0,117808.0,232191,4629.0,109427.0,3.12,CA,141953.0,7762.0,29594.0,1606.0,67294.0
346,Elgin,Illinois,35.7,54852.0,56224.0,111076,4024.0,30167.0,2.97,IL,7606.0,7528.0,48221.0,789.0,76126.0
347,Greenville,North Carolina,26.2,39897.0,50691.0,90588,4283.0,4183.0,2.4,NC,2787.0,37355.0,4409.0,917.0,50289.0
348,Gastonia,North Carolina,36.9,35527.0,39023.0,74550,3537.0,5715.0,2.67,NC,2788.0,22179.0,6653.0,603.0,46362.0
349,Frisco,Texas,37.2,73989.0,80399.0,154388,6297.0,30913.0,3.05,TX,30341.0,10821.0,17093.0,2947.0,111477.0
350,Oklahoma City,Oklahoma,34.1,309227.0,322036.0,631263,41843.0,80165.0,2.58,OK,33759.0,111673.0,117362.0,41696.0,462306.0
351,Carlsbad,California,42.1,55119.0,58347.0,113466,6031.0,17689.0,2.68,CA,11948.0,876.0,12969.0,1513.0,98705.0
352,Pasadena,California,37.6,67712.0,74534.0,142246,4618.0,40779.0,2.63,CA,22794.0,15909.0,52717.0,2161.0,76525.0
353,Naperville,Illinois,38.5,71365.0,75794.0,147159,4545.0,30399.0,2.76,IL,31221.0,9031.0,4928.0,449.0,108937.0
354,Johnson City,Tennessee,38.2,31019.0,34350.0,65369,5038.0,2878.0,2.18,TN,1877.0,6016.0,1114.0,400.0,59147.0
355,Goodyear,Arizona,38.6,36711.0,42292.0,79003,7650.0,11774.0,2.97,AZ,5701.0,8678.0,21603.0,1301.0,63493.0
356,Wyoming,Michigan,32.8,35967.0,39310.0,75277,3447.0,8612.0,2.65,MI,3227.0,8839.0,15325.0,2444.0,58989.0
357,Reading,Pennsylvania,29.4,43668.0,44205.0,87873,2580.0,17043.0,2.95,PA,903.0,20821.0,57032.0,9671.0,64401.0
358,Rochester Hills,Michigan,41.2,36356.0,37076.0,73432,3053.0,13708.0,2.66,MI,8092.0,3514.0,3395.0,348.0,62170.0
359,Madison,Wisconsin,30.7,122596.0,126360.0,248956,9707.0,30090.0,2.23,WI,23937.0,20424.0,19697.0,2296.0,204302.0
360,Portland,Maine,40.3,31480.0,35392.0,66872,3666.0,9229.0,2.13,ME,3696.0,5750.0,2031.0,662.0,59722.0
361,College Station,Texas,22.9,54125.0,53774.0,107899,2471.0,16145.0,2.52,TX,10915.0,11316.0,17784.0,605.0,84892.0
362,Lewisville,Texas,31.6,52776.0,52032.0,104808,4211.0,24865.0,2.78,TX,12412.0,16948.0,31757.0,1371.0,70278.0
363,Raleigh,North Carolina,32.8,219184.0,232765.0,451949,16747.0,65125.0,2.42,NC,24865.0,138242.0,51786.0,3955.0,275892.0
364,Mount Vernon,New York,38.5,31876.0,36745.0,68621,2064.0,23777.0,2.85,NY,1497.0,49830.0,9446.0,356.0,13106.0
365,Dallas,Texas,32.6,639019.0,661063.0,1300082,41026.0,326825.0,2.59,TX,47099.0,322570.0,549966.0,17510.0,839169.0
366,San Tan Valley,Arizona,31.3,40429.0,42368.0,82797,4300.0,5757.0,3.44,AZ,1378.0,2027.0,18733.0,3941.0,75429.0
367,East Orange,New Jersey,35.5,29995.0,34967.0,64962,1870.0,15164.0,2.85,NJ,656.0,57859.0,6368.0,535.0,3165.0
368,Austin,Texas,32.7,475718.0,456122.0,931840,37414.0,181686.0,2.5,TX,78916.0,81861.0,327680.0,10890.0,708171.0
369,Casas Adobes,Arizona,44.8,30890.0,34375.0,65265,6601.0,7024.0,2.24,AZ,3009.0,1854.0,13609.0,2047.0,58956.0
370,Indianapolis,Indiana,34.1,410615.0,437808.0,848423,42186.0,72456.0,2.53,IN,29307.0,253932.0,83426.0,8656.0,553665.0
371,Renton,Washington,36.3,52779.0,47468.0,100247,5032.0,28962.0,2.57,WA,22550.0,12265.0,15392.0,2338.0,58251.0
372,Odessa,Texas,31.2,61119.0,57861.0,118980,5509.0,15845.0,2.92,TX,2252.0,7647.0,63586.0,1134.0,106944.0
373,Round Rock,Texas,34.9,56646.0,59193.0,115839,6804.0,18237.0,3.13,TX,9685.0,13636.0,37151.0,1551.0,92278.0
374,Santa Fe,New Mexico,44.1,40601.0,43511.0,84112,5083.0,13824.0,2.41,NM,1878.0,1284.0,45884.0,2960.0,75494.0
375,Akron,Ohio,38.1,96886.0,100667.0,197553,12878.0,10024.0,2.24,OH,9033.0,66551.0,3684.0,1845.0,129192.0
376,San Jose,California,36.5,518317.0,508602.0,1026919,27269.0,401493.0,3.13,CA,385198.0,41721.0,331232.0,13776.0,442798.0
377,Saint Paul,Minnesota,31.5,149547.0,151293.0,300840,10548.0,56514.0,2.58,MN,58174.0,54665.0,27307.0,6858.0,191369.0
378,Muncie,Indiana,27.4,32446.0,37255.0,69701,2968.0,1062.0,2.35,IN,,10482.0,2499.0,203.0,59962.0
379,Victorville,California,30.6,60989.0,61247.0,122236,7484.0,21959.0,3.47,CA,7755.0,26747.0,60569.0,5305.0,86648.0
380,Murfreesboro,Tennessee,30.2,60704.0,65417.0,126121,5199.0,8948.0,2.6,TN,7265.0,22651.0,8840.0,1339.0,97270.0
381,Chattanooga,Tennessee,36.6,83640.0,92957.0,176597,10001.0,10599.0,2.4,TN,4602.0,59918.0,10918.0,1092.0,114140.0
382,Fairfield,California,34.7,55550.0,57422.0,112972,8607.0,24503.0,3.14,CA,22428.0,18274.0,32976.0,1016.0,64106.0
383,Toledo,Ohio,36.1,135455.0,144323.0,279778,15286.0,9257.0,2.29,OH,6850.0,85552.0,23614.0,3942.0,188325.0
384,Asheville,North Carolina,37.9,42100.0,46407.0,88507,4973.0,6630.0,2.18,NC,1939.0,9078.0,4146.0,496.0,77979.0
385,Savannah,Georgia,30.3,69389.0,76295.0,145684,9717.0,10355.0,2.57,GA,5366.0,82307.0,9734.0,2116.0,57690.0
386,Fayetteville,North Carolina,30.7,101051.0,100914.0,201965,28089.0,12863.0,2.5,NC,8949.0,90625.0,25080.0,6603.0,102075.0
387,Louisville/Jefferson County metro government,Kentucky,37.5,298451.0,316938.0,615389,39364.0,37875.0,2.45,KY,18601.0,151256.0,28712.0,4585.0,456451.0
388,Yorba Linda,California,45.5,31960.0,36006.0,67966,3171.0,15532.0,3.0,CA,17616.0,1326.0,10599.0,211.0,49980.0
389,Billings,Montana,36.3,52705.0,57565.0,110270,9121.0,3206.0,2.4,MT,1873.0,2200.0,7526.0,6066.0,102522.0
390,Denton,Texas,28.7,62478.0,68569.0,131047,6352.0,18451.0,2.66,TX,7061.0,15542.0,29350.0,1857.0,106278.0
391,Long Beach,California,34.6,238159.0,236013.0,474172,17463.0,127764.0,2.78,CA,68095.0,64948.0,207890.0,12841.0,277962.0
392,Jacksonville,Florida,35.7,419203.0,448828.0,868031,75432.0,85650.0,2.62,FL,50895.0,282692.0,80064.0,8177.0,543582.0
393,Tuscaloosa,Alabama,29.1,47293.0,51045.0,98338,3647.0,4706.0,2.67,AL,2733.0,42331.0,2475.0,261.0,52603.0
394,Elk Grove,California,36.1,80057.0,86833.0,166890,7762.0,38693.0,3.34,CA,59424.0,20185.0,28781.0,2020.0,86909.0
395,Paradise,Nevada,37.2,122784.0,114162.0,236946,14112.0,66712.0,2.65,NV,28380.0,25091.0,88347.0,4314.0,147624.0
396,Sandy Springs,Georgia,35.4,48570.0,56777.0,105347,3015.0,19837.0,2.4,GA,7909.0,15420.0,13670.0,1574.0,78835.0
397,Pearland,Texas,33.9,52336.0,59329.0,111665,5621.0,16882.0,3.0,TX,14683.0,23779.0,26460.0,851.0,73349.0
398,Virginia Beach,Virginia,35.4,222684.0,230061.0,452745,54995.0,38360.0,2.61,VA,38715.0,99948.0,36309.0,4590.0,324924.0
399,Roseville,California,38.4,62591.0,67691.0,130282,8386.0,18161.0,2.72,CA,18171.0,4413.0,23499.0,2635.0,103853.0
400,Homestead,Florida,31.4,31401.0,35099.0,66500,2287.0,24408.0,3.48,FL,,16705.0,41910.0,,48820.0
401,Iowa City,Iowa,25.5,37089.0,37138.0,74227,2047.0,9202.0,2.36,IA,5533.0,7219.0,4072.0,610.0,59839.0
402,Arden-Arcade,California,41.5,47596.0,48680.0,96276,6511.0,13458.0,2.18,CA,7355.0,13647.0,15273.0,2587.0,69369.0
403,Largo,Florida,45.1,38166.0,42841.0,81007,8310.0,10489.0,2.28,FL,3249.0,5860.0,9561.0,881.0,73502.0
404,Carrollton,Texas,36.9,66928.0,66218.0,133146,5720.0,35327.0,2.78,TX,18456.0,10923.0,46850.0,812.0,102948.0
405,Chandler,Arizona,35.6,128885.0,131948.0,260833,15870.0,38721.0,2.78,AZ,33079.0,16163.0,57159.0,6601.0,207993.0
406,Irvine,California,34.6,125411.0,131516.0,256927,5532.0,116366.0,2.73,CA,126499.0,8670.0,19266.0,799.0,127358.0
407,Medford,Oregon,38.6,39606.0,40189.0,79795,6632.0,6185.0,2.65,OR,2135.0,1201.0,14294.0,1239.0,75464.0
408,Coral Springs,Florida,37.2,63316.0,66186.0,129502,4724.0,38552.0,3.17,FL,6573.0,27225.0,40817.0,1262.0,90896.0
409,Bossier City,Louisiana,32.7,33428.0,34669.0,68097,8108.0,2980.0,2.4,LA,2175.0,19520.0,5589.0,630.0,47454.0
410,Woodbury,Minnesota,37.7,31982.0,35868.0,67850,2732.0,9477.0,2.72,MN,7758.0,6054.0,3258.0,,56216.0
411,Boston,Massachusetts,31.8,322149.0,347320.0,669469,18350.0,190123.0,2.38,MA,69976.0,189347.0,130656.0,5580.0,378543.0
412,Pittsburg,California,34.5,33309.0,36118.0,69427,2109.0,21043.0,3.15,CA,13981.0,14931.0,28605.0,2253.0,25996.0
413,San Ramon,California,39.1,39221.0,36911.0,76132,2855.0,29691.0,3.09,CA,38970.0,2734.0,5449.0,609.0,37057.0
414,Reno,Nevada,35.7,122292.0,119151.0,241443,17089.0,37070.0,2.46,NV,20681.0,9427.0,59902.0,3872.0,197335.0
415,Topeka,Kansas,37.1,60879.0,66378.0,127257,9608.0,6711.0,2.32,KS,3127.0,15030.0,18640.0,4804.0,108035.0
416,Newport News,Virginia,32.8,88385.0,94000.0,182385,18896.0,12589.0,2.46,VA,8275.0,79245.0,15780.0,2201.0,95151.0
417,Poinciana,Florida,34.2,38142.0,35801.0,73943,2933.0,14349.0,3.93,FL,1409.0,24750.0,37382.0,1593.0,45622.0
418,Compton,California,30.1,49264.0,49184.0,98448,897.0,30660.0,4.08,CA,1732.0,26395.0,67523.0,298.0,53919.0
419,Cedar Park,Texas,34.4,31248.0,33589.0,64837,3090.0,5207.0,3.05,TX,5654.0,3667.0,11872.0,219.0,56991.0
420,Merced,California,29.7,40048.0,42392.0,82440,3723.0,16348.0,3.15,CA,9911.0,6464.0,43684.0,2331.0,42475.0
421,Shreveport,Louisiana,35.2,93138.0,103856.0,196994,14287.0,5658.0,2.53,LA,4033.0,112923.0,5081.0,1647.0,79319.0
422,Palatine,Illinois,38.0,36506.0,32763.0,69269,2629.0,21760.0,2.69,IL,8145.0,1822.0,18626.0,,46246.0
423,San Angelo,Texas,32.8,49669.0,50744.0,100413,8412.0,7859.0,2.5,TX,1658.0,6079.0,42494.0,548.0,86655.0
424,Passaic,New Jersey,30.4,36505.0,34577.0,71082,693.0,24174.0,3.56,NJ,3338.0,5230.0,53680.0,,30352.0
425,Lake Charles,Louisiana,31.8,35678.0,40388.0,76066,4477.0,3215.0,2.36,LA,1444.0,38358.0,3157.0,592.0,36346.0
426,North Richland Hills,Texas,39.9,35257.0,33948.0,69205,5175.0,7854.0,2.64,TX,5295.0,5439.0,10195.0,1127.0,58258.0
427,Jackson,Mississippi,31.7,79039.0,91772.0,170811,8146.0,1789.0,2.65,MS,864.0,139567.0,3017.0,323.0,28775.0
428,Boise,Idaho,34.9,110099.0,108181.0,218280,16004.0,13409.0,2.61,ID,9806.0,4413.0,19480.0,4046.0,204913.0
429,Carmel,Indiana,39.9,42928.0,46101.0,89029,2723.0,9645.0,2.71,IN,11223.0,2171.0,3111.0,,77178.0
430,Palmdale,California,32.6,76361.0,81989.0,158350,6388.0,41974.0,3.54,CA,10981.0,27398.0,87452.0,2800.0,73480.0
431,Baltimore,Maryland,34.7,294027.0,327822.0,621849,29540.0,49857.0,2.51,MD,20161.0,396270.0,29953.0,7730.0,207274.0
432,Indio,California,35.9,43803.0,43723.0,87526,3647.0,22538.0,3.08,CA,2866.0,3300.0,58852.0,1112.0,48562.0
433,Florence-Graham,California,30.2,34186.0,32173.0,66359,416.0,28696.0,4.57,CA,,5060.0,60895.0,,30591.0
434,Santa Clarita,California,38.1,90192.0,92175.0,182367,8537.0,40666.0,3.02,CA,23168.0,9223.0,56944.0,4441.0,144949.0
435,Buena Park,California,35.7,41593.0,41671.0,83264,3116.0,28430.0,3.55,CA,24624.0,901.0,32915.0,361.0,48412.0
436,San Clemente,California,45.2,34076.0,31456.0,65532,3970.0,8109.0,2.64,CA,4296.0,251.0,10421.0,,58849.0
437,Lawrence,Kansas,27.4,45592.0,48324.0,93916,2986.0,8701.0,2.53,KS,6547.0,5777.0,6435.0,4239.0,79793.0
438,Downey,California,37.3,53006.0,61205.0,114211,2281.0,39977.0,3.45,CA,9776.0,5498.0,84806.0,535.0,77220.0
439,Lafayette,Louisiana,31.7,64018.0,63643.0,127661,5206.0,5396.0,2.54,LA,2776.0,39862.0,6556.0,1183.0,85282.0
440,Newport Beach,California,46.8,43161.0,43970.0,87131,4847.0,15318.0,2.4,CA,10017.0,,8127.0,423.0,74814.0
441,Schenectady,New York,36.7,32398.0,32901.0,65299,3388.0,10961.0,2.82,NY,5140.0,15640.0,5957.0,1059.0,40278.0
442,South Gate,California,32.5,47758.0,48641.0,96399,724.0,40571.0,3.97,CA,971.0,1615.0,91312.0,618.0,55444.0
443,Brownsville,Texas,30.6,87689.0,96199.0,183888,4211.0,53301.0,3.48,TX,1589.0,1239.0,170041.0,1165.0,174670.0
444,Costa Mesa,California,34.8,59097.0,54089.0,113186,4095.0,26645.0,2.59,CA,9165.0,2925.0,38239.0,1961.0,87320.0
445,Tyler,Texas,33.9,50422.0,53283.0,103705,4813.0,8225.0,2.59,TX,2543.0,26156.0,21536.0,1057.0,72728.0
446,Napa,California,37.2,39828.0,40601.0,80429,4678.0,18449.0,2.84,CA,3593.0,675.0,33229.0,1751.0,57837.0
447,Centennial,Colorado,42.4,53222.0,56504.0,109726,7226.0,9501.0,2.66,CO,7041.0,4005.0,8086.0,1219.0,98174.0
448,Sunrise,Florida,37.7,41471.0,51235.0,92706,4108.0,38209.0,2.98,FL,3501.0,33951.0,29163.0,,54976.0
449,Lawrence,Massachusetts,30.8,37464.0,42776.0,80240,1190.0,29170.0,3.17,MA,2149.0,9221.0,63175.0,,40757.0
450,Tucson,Arizona,33.6,264893.0,266781.0,531674,38182.0,82220.0,2.45,AZ,24689.0,33900.0,231025.0,24409.0,404342.0
451,Fullerton,California,34.5,69549.0,71300.0,140849,5394.0,43404.0,2.97,CA,33937.0,5241.0,53459.0,1668.0,92216.0
452,Lake Forest,California,40.3,41515.0,40982.0,82497,3748.0,20784.0,2.76,CA,16690.0,3526.0,17410.0,1482.0,59846.0
453,Stockton,California,32.5,150976.0,154674.0,305650,12822.0,79583.0,3.16,CA,76859.0,41161.0,128216.0,19834.0,170878.0
454,San Antonio,Texas,33.1,721405.0,748419.0,1469824,109089.0,208046.0,2.93,TX,53933.0,119542.0,937607.0,20752.0,1240092.0
455,Orem,Utah,26.1,48695.0,45762.0,94457,2828.0,12808.0,3.26,UT,3862.0,1837.0,18342.0,976.0,85512.0
456,Norman,Oklahoma,30.9,59483.0,60814.0,120297,5578.0,8705.0,2.47,OK,6539.0,6620.0,11732.0,10801.0,106409.0
457,Youngs,Ohio,37.5,30758.0,33851.0,64609,3620.0,1058.0,2.22,OH,247.0,31725.0,7564.0,875.0,33031.0
458,Hayward,California,34.3,78152.0,80148.0,158300,4385.0,60970.0,3.32,CA,46285.0,20219.0,64880.0,2178.0,74800.0
459,Sandy,Utah,34.6,46923.0,46689.0,93612,3451.0,6691.0,3.22,UT,5657.0,522.0,6832.0,507.0,85130.0
460,Moreno Valley,California,30.7,98584.0,105597.0,204181,8529.0,54442.0,3.9,CA,11912.0,35550.0,120610.0,1843.0,90391.0
461,Delray Beach,Florida,47.9,32219.0,34042.0,66261,4232.0,16639.0,2.35,FL,1696.0,21138.0,6397.0,,40980.0
462,Gresham,Oregon,36.7,53866.0,56716.0,110582,6326.0,17860.0,2.67,OR,6641.0,7721.0,23576.0,2084.0,94904.0
463,Federal Way,Washington,36.4,49151.0,46037.0,95188,7135.0,18565.0,2.68,WA,16026.0,15495.0,14049.0,2396.0,59035.0
464,Waterloo,Iowa,37.2,34488.0,33969.0,68457,4800.0,5082.0,2.42,IA,1636.0,11815.0,4961.0,467.0,51252.0
465,Jersey City,New Jersey,34.3,131765.0,132512.0,264277,4374.0,109186.0,2.57,NJ,67610.0,65051.0,79718.0,3356.0,99300.0
466,Mission Viejo,California,44.9,48849.0,48314.0,97163,4713.0,17308.0,2.85,CA,13073.0,2066.0,18913.0,683.0,81186.0
467,Dale City,Virginia,33.4,35984.0,35415.0,71399,6085.0,22306.0,3.65,VA,9251.0,18074.0,23868.0,548.0,34640.0
468,Albuquerque,New Mexico,36.0,273323.0,285808.0,559131,37443.0,58200.0,2.49,NM,25140.0,26774.0,271854.0,32243.0,411847.0
469,Plano,Texas,38.1,138565.0,145054.0,283619,11719.0,74030.0,2.65,TX,59958.0,25217.0,42959.0,3771.0,195220.0
470,Hesperia,California,29.4,43588.0,49698.0,93286,3739.0,16667.0,3.52,CA,2131.0,4889.0,53765.0,1712.0,78718.0
471,Lehigh Acres,Florida,34.3,57856.0,61624.0,119480,5551.0,31880.0,3.55,FL,1853.0,29998.0,42092.0,1675.0,86328.0
472,Norwalk,Connecticut,42.4,40880.0,47603.0,88483,2877.0,22328.0,2.7,CT,2954.0,15129.0,24682.0,552.0,67844.0
473,Pawtucket,Rhode Island,39.2,36072.0,35511.0,71583,3173.0,17884.0,2.41,RI,2150.0,15513.0,16117.0,1359.0,47614.0
474,Town 'n' Country,Florida,38.1,39410.0,39586.0,78996,4534.0,22135.0,2.61,FL,3347.0,9575.0,37944.0,1622.0,64441.0
475,Saint Cloud,Minnesota,30.7,34311.0,33942.0,68253,5012.0,5757.0,2.41,MN,2494.0,6401.0,2639.0,1169.0,59794.0
476,Midland,Texas,32.1,66595.0,66355.0,132950,5753.0,17061.0,2.78,TX,3279.0,10379.0,58677.0,1922.0,115958.0
477,Chicago,Illinois,34.2,1320015.0,1400541.0,2720556,72042.0,573463.0,2.53,IL,195084.0,873316.0,785725.0,23323.0,1374535.0
478,Knoxville,Tennessee,33.1,89978.0,95334.0,185312,10897.0,10285.0,2.21,TN,4717.0,35049.0,8640.0,2304.0,145055.0
479,Westland,Michigan,39.9,37742.0,44253.0,81995,4756.0,6429.0,2.41,MI,4843.0,16422.0,2827.0,429.0,60576.0
480,Columbia,Missouri,26.8,56544.0,62554.0,119098,4548.0,10729.0,2.37,MO,8673.0,15489.0,4956.0,1713.0,96067.0
481,Yuma,Arizona,33.4,48298.0,45847.0,94145,7182.0,19326.0,2.64,AZ,1180.0,3731.0,57054.0,1228.0,69691.0
482,Roanoke,Virginia,36.9,47252.0,52645.0,99897,6567.0,7346.0,2.35,VA,3237.0,30920.0,6091.0,594.0,68761.0
483,Rialto,California,31.6,49902.0,53235.0,103137,2036.0,32741.0,3.83,CA,4103.0,11800.0,78571.0,1065.0,74551.0
484,Pomona,California,32.1,74945.0,78307.0,153252,3251.0,53879.0,3.63,CA,17646.0,10774.0,108787.0,3866.0,94296.0
485,Warner Robins,Georgia,31.4,35093.0,38909.0,74002,6974.0,3210.0,2.5,GA,2723.0,29307.0,5378.0,1309.0,42306.0
486,East Los Angeles,California,32.6,60460.0,59206.0,119666,1101.0,49575.0,3.75,CA,1053.0,508.0,116211.0,778.0,48980.0
487,Simi Valley,California,39.0,63243.0,63523.0,126766,6063.0,23260.0,3.13,CA,14984.0,2378.0,34032.0,2474.0,107898.0
488,Davenport,Iowa,35.2,50123.0,52454.0,102577,7090.0,4065.0,2.39,IA,3071.0,12761.0,9131.0,901.0,88145.0
489,Thornton,Colorado,33.1,65482.0,67977.0,133459,7261.0,17949.0,2.97,CO,7034.0,4569.0,49241.0,2967.0,119264.0
490,Gary,Indiana,38.1,35876.0,41478.0,77354,3952.0,1884.0,2.35,IN,537.0,61416.0,6266.0,551.0,13498.0
491,Palm Coast,Florida,48.8,39489.0,42632.0,82121,7950.0,9084.0,2.76,FL,2479.0,10786.0,8706.0,700.0,67272.0
492,Hialeah,Florida,43.0,111530.0,125552.0,237082,1844.0,170148.0,3.31,FL,1149.0,5687.0,227508.0,,219991.0
493,Clifton,New Jersey,38.5,41932.0,44409.0,86341,2603.0,27979.0,3.11,NJ,5840.0,8743.0,33176.0,2417.0,51516.0
494,Bellflower,California,33.4,38936.0,39498.0,78434,2154.0,24607.0,3.58,CA,10764.0,12839.0,42472.0,783.0,23336.0
495,Broomfield,Colorado,36.8,31755.0,33310.0,65065,3966.0,5316.0,2.53,CO,5193.0,1154.0,8065.0,601.0,58341.0
496,Joliet,Illinois,33.1,70863.0,79162.0,150025,7353.0,22409.0,3.13,IL,2813.0,27883.0,45291.0,523.0,106160.0
497,Portland,Oregon,36.7,313516.0,318671.0,632187,29940.0,86041.0,2.43,OR,64386.0,45914.0,61064.0,15314.0,524258.0
498,San Francisco,California,38.3,439752.0,425064.0,864816,26276.0,297199.0,2.37,CA,324034.0,53270.0,132114.0,8997.0,442155.0
499,Camarillo,California,40.8,31941.0,35682.0,67623,4384.0,9735.0,2.77,CA,7198.0,1219.0,16186.0,742.0,59702.0
500,Skokie,Illinois,43.4,31382.0,33437.0,64819,1066.0,27424.0,2.78,IL,20272.0,4937.0,6590.0,,40642.0
501,Redwood City,California,37.1,42676.0,42624.0,85300,2430.0,27652.0,2.64,CA,14873.0,2758.0,29011.0,664.0,51019.0
502,Evansville,Indiana,38.0,57198.0,60481.0,117679,9063.0,3169.0,2.25,IN,1376.0,17564.0,3263.0,713.0,100055.0
503,Hillsboro,Oregon,35.3,50926.0,51434.0,102360,6625.0,19531.0,2.68,OR,13704.0,4347.0,22169.0,4524.0,81072.0
504,The Woodlands,Texas,38.8,56083.0,63061.0,119144,8351.0,21188.0,2.93,TX,8828.0,6420.0,19574.0,2427.0,106202.0
505,Longview,Texas,36.8,40065.0,41525.0,81590,5512.0,8782.0,2.55,TX,1810.0,19904.0,17614.0,253.0,60997.0
506,Upland,California,39.7,36226.0,40221.0,76447,2898.0,16552.0,2.77,CA,9182.0,5717.0,30787.0,1068.0,46704.0
507,Sunrise Manor,Nevada,32.5,93505.0,99103.0,192608,10663.0,56530.0,3.25,NV,16165.0,29483.0,99838.0,3962.0,109960.0
508,Lubbock,Texas,29.2,122320.0,126731.0,249051,10588.0,14226.0,2.61,TX,7508.0,23594.0,90706.0,7627.0,206318.0
509,Kirkland,Washington,40.8,42159.0,45108.0,87267,5156.0,18570.0,2.3,WA,15277.0,1041.0,6720.0,1155.0,70491.0
510,Garden Grove,California,37.8,86779.0,88605.0,175384,4316.0,80677.0,3.66,CA,71737.0,1840.0,66038.0,1713.0,66782.0
511,Baton Rouge,Louisiana,31.2,111492.0,117104.0,228596,10633.0,12268.0,2.52,LA,7442.0,122634.0,7428.0,1119.0,96730.0
512,Livermore,California,36.7,41522.0,46595.0,88117,3063.0,13959.0,2.91,CA,14116.0,3199.0,19582.0,941.0,73440.0
513,Paterson,New Jersey,34.0,70640.0,77117.0,147757,1694.0,49810.0,3.37,NJ,9653.0,45858.0,85555.0,1083.0,54885.0
514,Conroe,Texas,31.5,34907.0,33685.0,68592,4871.0,13839.0,2.65,TX,2302.0,6713.0,23863.0,707.0,57480.0
515,Edmond,Oklahoma,32.5,45191.0,44899.0,90090,5006.0,5585.0,2.68,OK,5349.0,4987.0,6187.0,8051.0,78979.0
516,Sacramento,California,33.7,237724.0,252991.0,490715,19698.0,112579.0,2.73,CA,105063.0,77439.0,150153.0,10145.0,268151.0
517,Detroit,Michigan,34.8,319265.0,357859.0,677124,29511.0,39861.0,2.6,MI,10804.0,545988.0,53980.0,6007.0,104260.0
518,Ontario,California,31.0,85059.0,86141.0,171200,4816.0,48557.0,3.52,CA,14313.0,12900.0,118292.0,4304.0,74765.0
519,Alameda,California,41.4,37747.0,40867.0,78614,4504.0,18841.0,2.52,CA,27984.0,7364.0,8265.0,1329.0,44232.0
520,Clovis,California,37.8,52392.0,51780.0,104172,6173.0,13409.0,2.76,CA,14249.0,3434.0,23744.0,1876.0,78029.0
521,Gilbert,Arizona,33.2,116711.0,130812.0,247523,10817.0,24531.0,3.2,AZ,19740.0,9076.0,39937.0,5965.0,211322.0
522,Hammond,Indiana,36.0,38923.0,38687.0,77610,4144.0,9224.0,2.61,IN,1540.0,20442.0,25320.0,1509.0,41705.0
523,Saint Louis,Missouri,35.0,153026.0,162659.0,315685,17060.0,21802.0,2.16,MO,12209.0,151030.0,12261.0,2746.0,155574.0
524,Allen,Texas,37.2,51324.0,46814.0,98138,3505.0,19649.0,3.04,TX,15790.0,13140.0,10615.0,227.0,69840.0
525,Athens-Clarke County unified government,Georgia,26.5,57415.0,65148.0,122563,3953.0,12868.0,2.44,GA,6635.0,34583.0,13159.0,593.0,79931.0
526,Scranton,Pennsylvania,38.5,37975.0,39137.0,77112,5059.0,8069.0,2.39,PA,4722.0,6256.0,11301.0,,66875.0
527,Modesto,California,35.2,104852.0,106405.0,211257,9855.0,39613.0,2.97,CA,19417.0,9869.0,85141.0,4388.0,166618.0
528,Perris,California,26.9,41623.0,33336.0,74959,1321.0,23277.0,4.78,CA,3341.0,9393.0,54398.0,,23882.0
529,South Jordan,Utah,33.8,33669.0,32970.0,66639,2595.0,6142.0,3.61,UT,2487.0,,4672.0,,59046.0
530,Visalia,California,32.6,63695.0,66399.0,130094,5547.0,20779.0,3.11,CA,11523.0,2525.0,63482.0,2113.0,107322.0
531,Davis,California,26.3,33493.0,34163.0,67656,2176.0,13997.0,2.69,CA,17816.0,2081.0,9041.0,779.0,47997.0
532,Gaithersburg,Maryland,35.7,32211.0,35234.0,67445,2126.0,28133.0,2.73,MD,13169.0,12482.0,18721.0,672.0,36639.0
533,Columbus,Georgia,33.7,98785.0,101794.0,200579,21747.0,10376.0,2.62,GA,7039.0,95366.0,15180.0,1343.0,97436.0
534,Pasadena,Texas,31.5,78827.0,74959.0,153786,5735.0,38072.0,2.95,TX,1570.0,6204.0,105871.0,1993.0,140240.0
535,Albany,Georgia,33.3,31695.0,39414.0,71109,5409.0,861.0,2.38,GA,650.0,53440.0,1783.0,445.0,17160.0
536,Plymouth,Minnesota,38.4,39035.0,36893.0,75928,4158.0,8830.0,2.46,MN,5561.0,6938.0,3274.0,760.0,63872.0
537,Corona,California,37.1,79749.0,84493.0,164242,7709.0,42131.0,2.97,CA,21044.0,9437.0,68592.0,2268.0,119403.0
538,Concord,North Carolina,35.7,42732.0,44961.0,87693,4621.0,8847.0,2.72,NC,3566.0,19027.0,11301.0,216.0,60500.0
539,Rochester,Minnesota,35.0,54934.0,57282.0,112216,6888.0,17763.0,2.55,MN,9839.0,9425.0,6617.0,1172.0,93477.0
540,Oshkosh,Wisconsin,33.0,32905.0,33652.0,66557,3809.0,2348.0,2.3,WI,3182.0,2778.0,1972.0,237.0,60210.0
541,Baldwin Park,California,35.8,38747.0,38309.0,77056,780.0,34322.0,4.13,CA,15505.0,1560.0,56282.0,316.0,36890.0
542,Oakland,California,35.7,203827.0,215451.0,419278,12159.0,113896.0,2.56,CA,75446.0,118228.0,114054.0,8380.0,171599.0
543,Augusta-Richmond County consolidated government,Georgia,33.7,94662.0,101917.0,196579,19085.0,7915.0,2.67,GA,4429.0,112271.0,9068.0,1667.0,77940.0
544,Salem,Oregon,35.4,80839.0,83704.0,164543,9685.0,19668.0,2.69,OR,6076.0,3770.0,39414.0,7678.0,148650.0
545,Schaumburg,Illinois,36.9,35971.0,39840.0,75811,2019.0,24614.0,2.72,IL,21571.0,2071.0,12545.0,633.0,43688.0
546,Springfield,Missouri,34.1,81057.0,85741.0,166798,12291.0,7765.0,2.12,MO,5725.0,10026.0,7100.0,2777.0,151686.0
547,Lowell,Massachusetts,33.4,54422.0,56298.0,110720,3764.0,33414.0,2.8,MA,28944.0,7310.0,22095.0,868.0,68838.0
548,Glen Burnie,Maryland,36.5,33398.0,36461.0,69859,5298.0,6971.0,2.58,MD,3194.0,17010.0,9137.0,708.0,49982.0
549,Bend,Oregon,37.3,42294.0,44723.0,87017,6199.0,3032.0,2.39,OR,2726.0,465.0,8173.0,1818.0,83689.0
550,Bridgeport,Connecticut,34.1,71509.0,76110.0,147619,4646.0,44475.0,2.86,CT,8546.0,53770.0,59036.0,2527.0,68007.0
551,Broken Arrow,Oklahoma,36.8,52136.0,55459.0,107595,6797.0,6845.0,2.77,OK,4206.0,7198.0,9191.0,11963.0,94366.0
552,New Orleans,Louisiana,35.9,185736.0,203881.0,389617,17388.0,21679.0,2.41,LA,13349.0,234645.0,21850.0,2496.0,140314.0
553,Arlington,Texas,32.6,191060.0,197062.0,388122,17050.0,79271.0,2.89,TX,31804.0,92955.0,112078.0,2918.0,251155.0
554,Bellevue,Washington,37.4,70763.0,69051.0,139814,5382.0,54654.0,2.43,WA,52223.0,4151.0,12215.0,1949.0,82378.0
555,Irving,Texas,32.3,117189.0,119428.0,236617,6207.0,86756.0,2.78,TX,49421.0,30356.0,97862.0,2960.0,132779.0
556,Whittier,California,36.1,44397.0,43039.0,87436,2790.0,17145.0,3.11,CA,3503.0,1262.0,61249.0,680.0,49388.0
557,Bay,Texas,32.9,37977.0,37508.0,75485,3478.0,13192.0,2.59,TX,2819.0,16782.0,31672.0,2167.0,48797.0
558,Loveland,Colorado,37.6,37042.0,38146.0,75188,5667.0,3050.0,2.53,CO,1549.0,950.0,13567.0,1029.0,71538.0
559,Mount Pleasant,South Carolina,42.7,39429.0,41880.0,81309,3981.0,4701.0,2.53,SC,1827.0,3730.0,2569.0,,75908.0
560,Hemet,California,36.8,38622.0,45251.0,83873,5613.0,13330.0,2.97,CA,3697.0,7650.0,37448.0,2288.0,67817.0
561,Arlington,Virginia,34.4,113981.0,115183.0,229164,12719.0,55205.0,2.19,VA,28595.0,22372.0,35911.0,845.0,171673.0
562,Franklin,Tennessee,38.3,34991.0,37644.0,72635,3303.0,6876.0,2.73,TN,3911.0,7749.0,4916.0,,61459.0
563,Rochester,New York,31.4,100135.0,109673.0,209808,7288.0,17735.0,2.36,NY,8748.0,93072.0,38004.0,4856.0,105636.0
564,Sugar Land,Texas,42.1,43889.0,44240.0,88129,4377.0,31169.0,2.95,TX,33469.0,8993.0,7835.0,,44555.0
565,Murrieta,California,35.3,49363.0,60453.0,109816,7242.0,19875.0,3.3,CA,16041.0,9259.0,32944.0,2327.0,77700.0
566,Miami,Florida,40.4,215840.0,225149.0,440989,7233.0,260789.0,2.5,FL,4613.0,87331.0,319942.0,1571.0,338232.0
567,Apple Valley,California,34.3,32873.0,39312.0,72185,5714.0,5801.0,3.03,CA,2281.0,9124.0,25928.0,1446.0,60767.0
568,Macon,Georgia,36.0,71833.0,81626.0,153459,10735.0,4846.0,2.46,GA,3588.0,84569.0,4897.0,682.0,64117.0
569,Cleveland,Ohio,36.0,186436.0,201623.0,388059,19849.0,18830.0,2.24,OH,10102.0,205395.0,40603.0,6140.0,166958.0
570,Tempe,Arizona,28.8,91350.0,84476.0,175826,7058.0,26620.0,2.44,AZ,17338.0,11293.0,44404.0,4636.0,130346.0
571,Albany,New York,32.8,47627.0,50825.0,98452,3643.0,11948.0,2.08,NY,8090.0,31303.0,9368.0,1611.0,58368.0
572,Southfield,Michigan,41.6,31369.0,41808.0,73177,4035.0,4011.0,2.27,MI,1345.0,54200.0,573.0,983.0,18296.0
573,Durham,North Carolina,33.2,121153.0,136445.0,257598,12528.0,38642.0,2.4,NC,15740.0,108088.0,36304.0,3154.0,127680.0
574,Pharr,Texas,26.9,35242.0,41293.0,76535,1376.0,25532.0,3.67,TX,,204.0,72995.0,,73694.0
575,Spokane Valley,Washington,36.0,49933.0,44975.0,94908,7984.0,4199.0,2.39,WA,1336.0,1192.0,5110.0,2473.0,91125.0
576,Grand Rapids,Michigan,32.1,95669.0,99430.0,195099,8972.0,19176.0,2.56,MI,6057.0,42256.0,31282.0,3436.0,143702.0
577,Sunnyvale,California,35.7,79480.0,72280.0,151760,3900.0,71441.0,2.74,CA,69472.0,4210.0,25638.0,1179.0,71463.0
578,Columbia,South Carolina,28.0,67686.0,65707.0,133393,5708.0,6074.0,2.32,SC,3501.0,56398.0,7545.0,1420.0,73232.0
579,Fort Lauderdale,Florida,42.8,93948.0,84639.0,178587,8897.0,47582.0,2.38,FL,3791.0,62954.0,28148.0,1366.0,109751.0
580,Warwick,Rhode Island,42.6,39289.0,42409.0,81698,5799.0,5318.0,2.4,RI,2685.0,1212.0,4723.0,,76999.0
581,Aurora,Colorado,34.2,177899.0,180971.0,358870,25158.0,65816.0,2.82,CO,24673.0,61894.0,109396.0,8277.0,239803.0
582,Bloomington,Minnesota,40.9,43318.0,43118.0,86436,6176.0,10728.0,2.3,MN,4689.0,5828.0,8021.0,1745.0,71874.0
583,Canton,Ohio,33.4,34476.0,37419.0,71895,3404.0,2204.0,2.32,OH,,21353.0,3597.0,358.0,53571.0
584,Lansing,Michigan,31.4,54333.0,59777.0,114110,5327.0,8371.0,2.39,MI,4168.0,34196.0,14245.0,5254.0,75688.0
585,Mayagez,Puerto Rico,38.1,30799.0,35782.0,66581,,,,PR,235.0,,65521.0,,
586,Laguna Niguel,California,45.8,30193.0,35619.0,65812,2648.0,12571.0,2.58,CA,8499.0,881.0,9203.0,,55919.0
587,Pine Hills,Florida,29.2,35344.0,40737.0,76081,2594.0,20735.0,3.3,FL,2209.0,57089.0,10496.0,,10029.0
588,New York,New York,36.0,4081698.0,4468707.0,8550405,156961.0,3212500.0,2.68,NY,1304564.0,2192248.0,2485125.0,90923.0,3835726.0
589,Ponce,Puerto Rico,40.5,56968.0,64615.0,121583,,,,PR,,,120705.0,,
590,Bayamn,Puerto Rico,39.4,80128.0,90131.0,170259,,,,PR,,,169155.0,,
591,Mobile,Alabama,38.0,91275.0,103030.0,194305,11939.0,7234.0,2.4,AL,5518.0,96397.0,5229.0,2816.0,93755.0
592,League City,Texas,35.9,49354.0,48996.0,98350,6484.0,8361.0,2.72,TX,8163.0,4166.0,14868.0,,86012.0
593,Lafayette,Indiana,33.5,34313.0,36857.0,71170,5045.0,5697.0,2.19,IN,1167.0,6752.0,9151.0,,63157.0
594,Guaynabo,Puerto Rico,42.2,33066.0,37426.0,70492,,,,PR,,,69936.0,589.0,
595,Missoula,Montana,34.7,35002.0,36022.0,71024,4733.0,2771.0,2.15,MT,2292.0,1149.0,2474.0,3618.0,66504.0
